path,title,description,h1,canonical,schema_types,status
/,"AI Video Clipping Tool for Shorts, Reels & TikTok | ClipFactory","Turn YouTube and Vimeo videos into vertical clips with captions. Set your campaign audience and goal, then review each cut and the reason it was selected.",Find the cut the story was hiding.,https://clipfactory-saas-demeauxa8-1591s-projects.vercel.app,Organization | WebSite | SoftwareApplication | FAQPage,200
/features,"AI Video Clipping, Captions & Campaign Scoring | ClipFactoryFrom long video to publish-ready vertical shorts","Explore ClipFactory's campaign briefs, source context, multi-moment edits and captions. Review the selected timestamps and the reason behind each short clip.",Turn one long video into a series of clips that make sense.,https://clipfactory-saas-demeauxa8-1591s-projects.vercel.app/features,BreadcrumbList,200
/pricing,AI Video Clipping Pricing — Starter €29/month | ClipFactory,"Starter includes 300 source-video credits per month for €29. Sources up to 30 minutes, up to 3 requested clips per job, captions and no watermark.",Pricing for turning long videos into short clips.,https://clipfactory-saas-demeauxa8-1591s-projects.vercel.app/pricing,BreadcrumbList | FAQPage,200
/faq,"AI Clipping FAQ — Sources, Credits & Clip Quality | ClipFactory","Answers about ClipFactory's YouTube and Vimeo sources, pricing, video credits, captions, clip quality, cancellation and current pilot limitations.",Common questions about AI video clipping.,https://clipfactory-saas-demeauxa8-1591s-projects.vercel.app/faq,BreadcrumbList | FAQPage,200
/about,About ClipFactory — Campaign-Based Video Clipping,"Meet the independent project behind ClipFactory. Learn why campaign briefs, source timestamps and clear editorial reasons shape our approach to AI video clipping.",AI video clipping built for people who post every week.,https://clipfactory-saas-demeauxa8-1591s-projects.vercel.app/about,BreadcrumbList,200
/changelog,Changelog — ClipFactory Product Updates,"Follow ClipFactory development: campaign briefs, clip selection, captions and the editing workflow. Read the scope and limitations of each product update.",What's new.,https://clipfactory-saas-demeauxa8-1591s-projects.vercel.app/changelog,BreadcrumbList,200
/use-cases,"AI Clipping for Creators, Podcasts & Agencies | ClipFactory","Explore ways to turn interviews, video podcasts and webinars into short clips. Plan each series around an audience, a campaign goal and the source material.",AI video clipping for creators and agencies.,https://clipfactory-saas-demeauxa8-1591s-projects.vercel.app/use-cases,BreadcrumbList,200
/use-cases/creators,AI Video Clipping for Creators & Podcasters | ClipFactory,"Create a focused clip series from a YouTube or Vimeo video. Review captioned vertical cuts, source timestamps and editorial reasons before you publish.","Turn long videos and podcasts into Shorts, Reels and TikToks.",https://clipfactory-saas-demeauxa8-1591s-projects.vercel.app/use-cases/creators,BreadcrumbList,200
/use-cases/agencies,AI Video Clipping for Agencies & Content Teams | ClipFactory,"Organize client videos around a campaign brief. Review short clips with captions, source evidence and explained scores, with source-minute pricing.",Turn client videos into short clips faster.,https://clipfactory-saas-demeauxa8-1591s-projects.vercel.app/use-cases/agencies,BreadcrumbList,200
/vs/opusclip,ClipFactory vs OpusClip — Compare the Workflows,Compare ClipFactory's campaign-based review workflow with OpusClip's published clipping and editing tools. See the tradeoffs and a practical evaluation checklist.,ClipFactory vs OpusClip,https://clipfactory-saas-demeauxa8-1591s-projects.vercel.app/vs/opusclip,BreadcrumbList,200
/legal/terms,Terms of Service | ClipFactory,"Read ClipFactory's terms for the pilot service, accounts, source content, subscriptions and acceptable use before creating a campaign.",Terms of Service,https://clipfactory-saas-demeauxa8-1591s-projects.vercel.app/legal/terms,,200
/legal/privacy,Privacy Notice | ClipFactory,"Read how ClipFactory handles account information, source videos and generated clips, including pilot limitations and requests for access or deletion.",Privacy Policy,https://clipfactory-saas-demeauxa8-1591s-projects.vercel.app/legal/privacy,,200
/guides,Video Clipping Guides for Creators & Agencies | ClipFactory,"Practical guides to turning YouTube videos and podcasts into short clips. Choose complete moments, review captions and write a useful campaign brief.",Good clips startbefore the cut.,https://clipfactory-saas-demeauxa8-1591s-projects.vercel.app/guides,BreadcrumbList,200
/clipping-ia,"Clipping IA : vos vidéos en Shorts, Reels et TikTok | ClipFactory","ClipFactory transforme vos vidéos YouTube et Vimeo en clips verticaux sous-titrés. Définissez votre campagne, puis choisissez les extraits qui servent votre message.",Clipping IA.Gardez le sens de la vidéo.,https://clipfactory-saas-demeauxa8-1591s-projects.vercel.app/clipping-ia,WebPage | BreadcrumbList,200
/clipping-tools,AI Video Clipping Tools: Compare Workflows & Choose | ClipFactory,"Compare ClipFactory, OpusClip, Vizard and Descript by clipping workflow. Use a practical checklist and a downloadable worksheet to evaluate your own source video.",AI clipping tools.Find your workflow.,https://clipfactory-saas-demeauxa8-1591s-projects.vercel.app/clipping-tools,Article | BreadcrumbList,200
/guides/youtube-video-to-shorts,How to turn a YouTube video into Shorts | ClipFactory,"A practical workflow for choosing complete moments from a long YouTube video, checking the vertical crop, reviewing captions and preparing a short clip series.",How to turn a YouTube video into Shorts,https://clipfactory-saas-demeauxa8-1591s-projects.vercel.app/guides/youtube-video-to-shorts,Article | BreadcrumbList,200
/guides/podcast-clips-for-social-media,How to choose podcast clips for social media | ClipFactory,"Build a podcast clip series with distinct ideas, enough context and a clear ending. Use a practical selection checklist for interviews and video podcasts.",How to choose podcast clips for social media,https://clipfactory-saas-demeauxa8-1591s-projects.vercel.app/guides/podcast-clips-for-social-media,Article | BreadcrumbList,200
/guides/video-clipping-campaign-brief,How to write a brief for AI video clipping | ClipFactory,"Use a concrete campaign brief to guide AI clip selection. Define your audience, objective, tone and boundaries, with an example you can adapt to your next video.",How to write a brief for AI video clipping,https://clipfactory-saas-demeauxa8-1591s-projects.vercel.app/guides/video-clipping-campaign-brief,Article | BreadcrumbList,200
